<application>
  <component name="CodeInsightSettings">
    <option name="completionCaseSensitive" value="2" />
    <option name="COMPLETION_CASE_SENSITIVE" value="2" />
    <option name="ADD_UNAMBIGIOUS_IMPORTS_ON_THE_FLY" value="true" />
  </component>
  <component name="DaemonCodeAnalyzerSettings">
    <option name="SHOW_METHOD_SEPARATORS" value="true" />
  </component>
  <component name="DefaultFont">
    <option name="FONT_SIZE" value="16" />
    <option name="FONT_REGULAR_SUB_FAMILY" value="Regular" />
    <option name="FONT_BOLD_SUB_FAMILY" value="Bold" />
    <option name="LINE_SPACING" value="1.3" />
  </component>
  <component name="InlayHintsSettings">
    <option name="disabledHintProviderIds">
      <set>
        <option value="JAVA.microservices.url.path.inlay.hints" />
      </set>
    </option>
    <option name="lastViewedProviderKeyId" value="parameter.hints.old" />
  </component>
  <component name="JavaCodeFoldingSettings">
    <option name="collapseOneLineMethods" value="false" />
  </component>
</application>