<application>
  <component name="Translation.Cache">
    <option name="lastTrimTime" value="1677659119139" />
  </component>
  <component name="Translation.Settings">
    <option name="translator" value="MICROSOFT" />
  </component>
  <component name="Translation.States">
    <histories>
      <item value="representation" />
      <item value="HSSF Picture" />
      <item value="get Drawing Patriarch" />
      <item value="transaction Manager" />
      <item value="Date" />
      <item value="Card Coupon" />
    </histories>
    <option name="languageScores">
      <map>
        <entry key="CHINESE" value="4" />
        <entry key="ENGLISH" value="5" />
      </map>
    </option>
  </component>
</application>